pizza_id,pizza_name_id,pizza_size,unit_price
1,hawaiian_m,M,13.25
2,classic_dlx_m,M,16
3,five_cheese_l,L,18.5
4,ital_supr_l,L,20.75
5,mexicana_m,M,16
6,thai_ckn_l,L,20.75
7,ital_supr_m,M,16.5
8,prsc_argla_l,L,20.75
9,ital_supr_m,M,16.5
10,ital_supr_m,M,16.5
11,bbq_ckn_s,S,12.75
12,the_greek_s,S,12
13,spinach_supr_s,S,12.5
14,spinach_supr_s,S,12.5
15,classic_dlx_s,S,12
16,green_garden_s,S,12
17,ital_cpcllo_l,L,20.5
18,ital_supr_l,L,20.75
19,ital_supr_s,S,12.5
20,mexicana_s,S,12
21,spicy_ital_l,L,20.75
22,spin_pesto_l,L,20.75
23,veggie_veg_s,S,12
24,mexicana_l,L,20.25
25,southw_ckn_l,L,20.75
26,bbq_ckn_l,L,20.75
27,cali_ckn_l,L,20.75
28,cali_ckn_m,M,16.75
29,pepperoni_l,L,15.25
30,cali_ckn_l,L,20.75
31,cali_ckn_s,S,12.75
32,ckn_pesto_l,L,20.75
33,ital_supr_m,M,16.5
34,mexicana_l,L,20.25
35,the_greek_s,S,12
36,big_meat_s,S,12
37,five_cheese_l,L,18.5
38,soppressata_l,L,20.75
39,the_greek_s,S,12
40,four_cheese_l,L,17.95
41,napolitana_s,S,12
42,thai_ckn_l,L,20.75
43,bbq_ckn_l,L,20.75
44,calabrese_m,M,16.25
45,five_cheese_l,L,18.5
46,four_cheese_m,M,14.75
47,ital_supr_m,M,16.5
48,ital_veggie_s,S,12.75
49,mediterraneo_m,M,16
50,mexicana_l,L,20.25
51,peppr_salami_s,S,12.5
52,spinach_fet_l,L,20.25
53,napolitana_l,L,20.5
54,ital_cpcllo_l,L,20.5
55,sicilian_l,L,20.25
56,big_meat_s,S,12
57,five_cheese_l,L,18.5
58,ital_cpcllo_l,L,20.5
59,five_cheese_l,L,18.5
60,ital_cpcllo_m,M,16
61,southw_ckn_l,L,20.75
62,southw_ckn_s,S,12.75
63,bbq_ckn_m,M,16.75
64,ital_cpcllo_m,M,16
65,pepperoni_m,M,12.5
66,prsc_argla_s,S,12.5
67,sicilian_m,M,16.25
68,thai_ckn_l,L,20.75
69,classic_dlx_s,S,12
70,veggie_veg_l,L,20.25
71,bbq_ckn_l,L,20.75
72,classic_dlx_m,M,16
73,spinach_fet_l,L,20.25
74,ckn_alfredo_s,S,12.75
75,green_garden_s,S,12
76,thai_ckn_l,L,20.75
77,mexicana_m,M,16
78,pepperoni_s,S,9.75
79,big_meat_s,S,12
80,green_garden_l,L,20.25
81,ital_cpcllo_l,L,20.5
82,ital_supr_m,M,16.5
83,bbq_ckn_l,L,20.75
84,green_garden_s,S,12
85,the_greek_s,S,12
86,green_garden_m,M,16
87,pep_msh_pep_l,L,17.5
88,pepperoni_m,M,12.5
89,thai_ckn_l,L,20.75
90,bbq_ckn_m,M,16.75
91,classic_dlx_m,M,16
92,ital_supr_l,L,20.75
93,mexicana_l,L,20.25
94,hawaiian_s,S,10.5
95,ital_cpcllo_l,L,20.5
96,ital_supr_l,L,20.75
97,four_cheese_l,L,17.95
98,southw_ckn_s,S,12.75
99,four_cheese_m,M,14.75
100,green_garden_s,S,12
101,big_meat_s,S,12
102,five_cheese_l,L,18.5
103,mexicana_l,L,20.25
104,peppr_salami_m,M,16.5
105,ckn_alfredo_m,M,16.75
106,ital_supr_m,M,16.5
107,peppr_salami_l,L,20.75
108,spin_pesto_s,S,12.5
109,four_cheese_l,L,17.95
110,hawaiian_s,S,10.5
111,thai_ckn_m,M,16.75
112,ckn_pesto_l,L,20.75
113,classic_dlx_l,L,20.5
114,thai_ckn_m,M,16.75
115,southw_ckn_l,L,20.75
116,veggie_veg_s,S,12
117,ckn_pesto_m,M,16.75
118,green_garden_s,S,12
119,prsc_argla_l,L,20.75
120,spicy_ital_l,L,20.75
121,sicilian_l,L,20.25
123,bbq_ckn_l,L,20.75
124,pep_msh_pep_l,L,17.5
125,hawaiian_l,L,16.5
126,mexicana_l,L,20.25
127,spicy_ital_l,L,20.75
128,pep_msh_pep_s,S,11
129,spinach_supr_m,M,16.5
130,prsc_argla_m,M,16.5
131,thai_ckn_l,L,20.75
132,peppr_salami_s,S,12.5
133,spicy_ital_l,L,20.75
134,classic_dlx_m,M,16
135,mediterraneo_l,L,20.25
136,southw_ckn_m,M,16.75
137,classic_dlx_m,M,16
138,five_cheese_l,L,18.5
139,pepperoni_m,M,12.5
140,ital_veggie_s,S,12.75
141,pep_msh_pep_s,S,11
142,pepperoni_l,L,15.25
143,ckn_pesto_l,L,20.75
144,four_cheese_m,M,14.75
145,bbq_ckn_m,M,16.75
146,ital_supr_l,L,20.75
147,bbq_ckn_m,M,16.75
148,spinach_supr_m,M,16.5
149,pep_msh_pep_m,M,14.5
150,big_meat_s,S,12
151,pep_msh_pep_s,S,11
152,sicilian_s,S,12.25
153,spicy_ital_s,S,12.5
154,spinach_supr_m,M,16.5
155,classic_dlx_m,M,16
156,ital_cpcllo_m,M,16
157,southw_ckn_l,L,20.75
158,classic_dlx_m,M,16
159,ital_supr_l,L,20.75
160,ital_supr_m,M,16.5
161,bbq_ckn_l,L,20.75
162,ital_veggie_s,S,12.75
163,soppressata_l,L,20.75
164,thai_ckn_l,L,20.75
165,spinach_fet_l,L,20.25
166,thai_ckn_s,S,12.75
167,five_cheese_l,L,18.5
168,mexicana_l,L,20.25
169,spin_pesto_s,S,12.5
170,spinach_supr_l,L,20.75
171,ital_supr_s,S,12.5
172,mediterraneo_l,L,20.25
173,napolitana_l,L,20.5
174,big_meat_s,S,12
175,hawaiian_l,L,16.5
176,ital_veggie_l,L,21
177,spicy_ital_l,L,20.75
178,bbq_ckn_m,M,16.75
179,hawaiian_m,M,13.25
180,big_meat_s,S,12
181,classic_dlx_s,S,12
182,four_cheese_l,L,17.95
183,ital_cpcllo_m,M,16
184,spicy_ital_l,L,20.75
185,thai_ckn_s,S,12.75
186,ital_cpcllo_l,L,20.5
187,pep_msh_pep_s,S,11
188,thai_ckn_l,L,20.75
189,pepperoni_s,S,9.75
190,thai_ckn_m,M,16.75
191,thai_ckn_l,L,20.75
192,big_meat_s,S,12
193,cali_ckn_m,M,16.75
194,spicy_ital_l,L,20.75
195,veggie_veg_m,M,16
196,southw_ckn_s,S,12.75
197,pepperoni_l,L,15.25
198,classic_dlx_m,M,16
199,classic_dlx_s,S,12
200,ital_supr_l,L,20.75
201,the_greek_m,M,16
202,hawaiian_l,L,16.5
203,ital_cpcllo_m,M,16
204,mexicana_m,M,16
205,spinach_supr_l,L,20.75
206,spinach_supr_s,S,12.5
207,five_cheese_l,L,18.5
208,soppressata_l,L,20.75
209,thai_ckn_l,L,20.75
210,sicilian_l,L,20.25
211,thai_ckn_s,S,12.75
212,bbq_ckn_l,L,20.75
213,ckn_pesto_s,S,12.75
214,pepperoni_s,S,9.75
215,bbq_ckn_m,M,16.75
216,ital_supr_l,L,20.75
217,ital_supr_m,M,16.5
218,ital_veggie_s,S,12.75
219,pepperoni_m,M,12.5
220,peppr_salami_m,M,16.5
221,spinach_fet_s,S,12
222,spinach_supr_s,S,12.5
223,the_greek_m,M,16
224,sicilian_m,M,16.25
225,ital_cpcllo_m,M,16
226,southw_ckn_s,S,12.75
227,napolitana_s,S,12
228,peppr_salami_l,L,20.75
229,napolitana_s,S,12
230,big_meat_s,S,12
231,classic_dlx_l,L,20.5
232,napolitana_l,L,20.5
233,ital_supr_l,L,20.75
234,hawaiian_l,L,16.5
235,cali_ckn_l,L,20.75
236,pepperoni_l,L,15.25
237,soppressata_l,L,20.75
238,spicy_ital_m,M,16.5
239,bbq_ckn_s,S,12.75
240,prsc_argla_s,S,12.5
241,spinach_supr_s,S,12.5
242,bbq_ckn_m,M,16.75
243,ckn_alfredo_m,M,16.75
244,ital_veggie_m,M,16.75
245,veggie_veg_l,L,20.25
246,hawaiian_s,S,10.5
247,pepperoni_l,L,15.25
248,prsc_argla_m,M,16.5
249,mexicana_l,L,20.25
250,spicy_ital_l,L,20.75
251,cali_ckn_l,L,20.75
252,ital_supr_m,M,16.5
253,spicy_ital_l,L,20.75
254,veggie_veg_l,L,20.25
255,classic_dlx_l,L,20.5
256,hawaiian_l,L,16.5
257,spinach_supr_l,L,20.75
258,ital_cpcllo_l,L,20.5
259,ital_supr_l,L,20.75
260,pepperoni_m,M,12.5
261,prsc_argla_l,L,20.75
262,big_meat_s,S,12
263,napolitana_l,L,20.5
264,soppressata_l,L,20.75
265,spicy_ital_s,S,12.5
266,cali_ckn_m,M,16.75
267,five_cheese_l,L,18.5
268,pepperoni_m,M,12.5
269,spin_pesto_l,L,20.75
270,pepperoni_s,S,9.75
271,cali_ckn_l,L,20.75
272,mexicana_l,L,20.25
273,southw_ckn_m,M,16.75
274,pepperoni_l,L,15.25
275,sicilian_s,S,12.25
276,big_meat_s,S,12
277,napolitana_l,L,20.5
278,thai_ckn_m,M,16.75
279,five_cheese_l,L,18.5
280,peppr_salami_m,M,16.5
281,sicilian_l,L,20.25
282,prsc_argla_l,L,20.75
283,spinach_fet_s,S,12
284,four_cheese_m,M,14.75
285,classic_dlx_s,S,12
286,hawaiian_s,S,10.5
287,spinach_fet_l,L,20.25
288,bbq_ckn_m,M,16.75
289,four_cheese_l,L,17.95
290,sicilian_l,L,20.25
291,southw_ckn_l,L,20.75
292,ital_supr_m,M,16.5
293,ital_cpcllo_s,S,12
294,bbq_ckn_s,S,12.75
295,sicilian_l,L,20.25
296,spicy_ital_l,L,20.75
297,the_greek_s,S,12
299,veggie_veg_l,L,20.25
300,pepperoni_m,M,12.5
301,spicy_ital_s,S,12.5
302,big_meat_s,S,12
303,the_greek_m,M,16
304,hawaiian_s,S,10.5
305,ital_cpcllo_l,L,20.5
306,mexicana_m,M,16
307,southw_ckn_s,S,12.75
308,ckn_pesto_l,L,20.75
309,five_cheese_l,L,18.5
310,green_garden_s,S,12
311,spinach_supr_s,S,12.5
312,pepperoni_s,S,9.75
313,bbq_ckn_l,L,20.75
314,hawaiian_l,L,16.5
315,the_greek_s,S,12
316,big_meat_s,S,12
317,southw_ckn_l,L,20.75
318,spinach_supr_s,S,12.5
319,veggie_veg_l,L,20.25
320,five_cheese_l,L,18.5
321,peppr_salami_s,S,12.5
322,mediterraneo_l,L,20.25
323,pepperoni_s,S,9.75
324,spicy_ital_m,M,16.5
325,cali_ckn_m,M,16.75
326,four_cheese_l,L,17.95
327,ital_veggie_l,L,21
328,sicilian_m,M,16.25
329,five_cheese_l,L,18.5
330,prsc_argla_s,S,12.5
331,veggie_veg_m,M,16
332,classic_dlx_m,M,16
333,green_garden_m,M,16
334,cali_ckn_s,S,12.75
335,classic_dlx_s,S,12
336,hawaiian_l,L,16.5
337,mexicana_m,M,16
338,pepperoni_l,L,15.25
339,prsc_argla_s,S,12.5
340,thai_ckn_l,L,20.75
341,veggie_veg_m,M,16
342,bbq_ckn_m,M,16.75
343,big_meat_s,S,12
344,cali_ckn_l,L,20.75
345,ckn_pesto_m,M,16.75
346,five_cheese_l,L,18.5
347,four_cheese_l,L,17.95
348,pep_msh_pep_s,S,11
349,southw_ckn_l,L,20.75
350,southw_ckn_s,S,12.75
351,spicy_ital_l,L,20.75
352,thai_ckn_m,M,16.75
353,veggie_veg_l,L,20.25
354,the_greek_s,S,12
355,cali_ckn_l,L,20.75
356,four_cheese_m,M,14.75
357,hawaiian_m,M,13.25
359,mediterraneo_s,S,12
360,spinach_fet_m,M,16
361,pepperoni_m,M,12.5
362,southw_ckn_l,L,20.75
363,spinach_supr_s,S,12.5
364,hawaiian_s,S,10.5
365,spinach_fet_l,L,20.25
366,thai_ckn_s,S,12.75
367,the_greek_m,M,16
368,mexicana_m,M,16
369,prsc_argla_s,S,12.5
370,ckn_pesto_s,S,12.75
371,napolitana_l,L,20.5
372,pepperoni_l,L,15.25
373,peppr_salami_l,L,20.75
374,napolitana_m,M,16
375,thai_ckn_l,L,20.75
376,ital_supr_l,L,20.75
377,mediterraneo_m,M,16
378,sicilian_m,M,16.25
379,spin_pesto_m,M,16.5
380,ital_veggie_m,M,16.75
381,thai_ckn_m,M,16.75
382,four_cheese_l,L,17.95
383,thai_ckn_m,M,16.75
384,classic_dlx_m,M,16
385,hawaiian_s,S,10.5
386,spicy_ital_m,M,16.5
388,big_meat_s,S,12
389,hawaiian_m,M,13.25
390,pepperoni_l,L,15.25
391,the_greek_m,M,16
392,cali_ckn_l,L,20.75
393,pepperoni_m,M,12.5
394,prsc_argla_m,M,16.5
395,prsc_argla_s,S,12.5
396,bbq_ckn_l,L,20.75
397,ital_supr_m,M,16.5
398,pepperoni_m,M,12.5
399,big_meat_s,S,12
400,veggie_veg_m,M,16
401,four_cheese_l,L,17.95
402,ital_cpcllo_s,S,12
403,sicilian_m,M,16.25
404,hawaiian_l,L,16.5
405,napolitana_m,M,16
406,napolitana_s,S,12
407,spinach_supr_m,M,16.5
408,thai_ckn_l,L,20.75
409,cali_ckn_m,M,16.75
410,classic_dlx_m,M,16
411,veggie_veg_l,L,20.25
412,big_meat_s,S,12
413,cali_ckn_l,L,20.75
414,cali_ckn_m,M,16.75
415,ital_cpcllo_m,M,16
416,ital_supr_l,L,20.75
417,cali_ckn_l,L,20.75
418,peppr_salami_m,M,16.5
419,napolitana_s,S,12
420,thai_ckn_l,L,20.75
421,peppr_salami_l,L,20.75
422,hawaiian_l,L,16.5
423,sicilian_m,M,16.25
424,veggie_veg_s,S,12
425,classic_dlx_l,L,20.5
426,prsc_argla_l,L,20.75
427,mexicana_l,L,20.25
428,brie_carre_s,S,23.65
429,peppr_salami_l,L,20.75
430,napolitana_m,M,16
431,spin_pesto_l,L,20.75
432,spin_pesto_s,S,12.5
433,hawaiian_l,L,16.5
434,sicilian_m,M,16.25
435,spin_pesto_s,S,12.5
436,mexicana_l,L,20.25
437,southw_ckn_l,L,20.75
438,spin_pesto_l,L,20.75
439,thai_ckn_l,L,20.75
440,five_cheese_l,L,18.5
441,spin_pesto_l,L,20.75
442,five_cheese_l,L,18.5
443,pepperoni_s,S,9.75
444,peppr_salami_l,L,20.75
445,big_meat_s,S,12
446,thai_ckn_s,S,12.75
447,bbq_ckn_l,L,20.75
448,four_cheese_m,M,14.75
449,pep_msh_pep_s,S,11
450,prsc_argla_l,L,20.75
451,cali_ckn_l,L,20.75
452,ckn_alfredo_m,M,16.75
453,sicilian_s,S,12.25
454,southw_ckn_l,L,20.75
455,big_meat_s,S,12
456,cali_ckn_m,M,16.75
457,ckn_alfredo_l,L,20.75
458,bbq_ckn_s,S,12.75
459,bbq_ckn_l,L,20.75
460,sicilian_s,S,12.25
461,spicy_ital_m,M,16.5
462,veggie_veg_m,M,16
463,four_cheese_l,L,17.95
464,ital_cpcllo_l,L,20.5
465,ital_veggie_l,L,21
466,soppressata_l,L,20.75
467,big_meat_s,S,12
468,ckn_alfredo_l,L,20.75
469,ckn_alfredo_m,M,16.75
471,calabrese_m,M,16.25
472,ckn_pesto_l,L,20.75
473,ital_supr_l,L,20.75
475,cali_ckn_s,S,12.75
476,cali_ckn_l,L,20.75
477,ital_veggie_m,M,16.75
478,pep_msh_pep_l,L,17.5
479,the_greek_s,S,12
480,spicy_ital_l,L,20.75
481,cali_ckn_s,S,12.75
482,ckn_alfredo_m,M,16.75
483,prsc_argla_s,S,12.5
484,napolitana_m,M,16
485,pepperoni_s,S,9.75
486,spicy_ital_l,L,20.75
487,spicy_ital_l,L,20.75
488,bbq_ckn_l,L,20.75
489,bbq_ckn_s,S,12.75
490,ckn_alfredo_m,M,16.75
491,pepperoni_m,M,12.5
492,the_greek_m,M,16
493,cali_ckn_l,L,20.75
494,spinach_fet_s,S,12
495,pepperoni_s,S,9.75
496,ital_cpcllo_l,L,20.5
497,four_cheese_l,L,17.95
498,ital_cpcllo_l,L,20.5
499,ital_supr_m,M,16.5
500,mexicana_s,S,12
501,spin_pesto_m,M,16.5
502,green_garden_s,S,12
503,bbq_ckn_m,M,16.75
504,five_cheese_l,L,18.5
505,hawaiian_l,L,16.5
506,classic_dlx_m,M,16
507,spinach_fet_s,S,12
508,spicy_ital_m,M,16.5
509,bbq_ckn_l,L,20.75
510,five_cheese_l,L,18.5
511,peppr_salami_m,M,16.5
512,spinach_fet_m,M,16
513,hawaiian_s,S,10.5
514,ital_cpcllo_s,S,12
515,napolitana_l,L,20.5
516,spicy_ital_l,L,20.75
517,five_cheese_l,L,18.5
518,prsc_argla_m,M,16.5
519,the_greek_s,S,12
520,four_cheese_l,L,17.95
521,sicilian_s,S,12.25
522,pep_msh_pep_s,S,11
523,ckn_alfredo_s,S,12.75
524,ital_supr_m,M,16.5
525,napolitana_m,M,16
526,thai_ckn_l,L,20.75
527,bbq_ckn_l,L,20.75
528,bbq_ckn_m,M,16.75
529,southw_ckn_s,S,12.75
530,classic_dlx_l,L,20.5
531,bbq_ckn_m,M,16.75
532,the_greek_m,M,16
533,ital_veggie_s,S,12.75
534,ital_veggie_l,L,21
535,prsc_argla_l,L,20.75
536,spin_pesto_s,S,12.5
537,thai_ckn_m,M,16.75
538,cali_ckn_l,L,20.75
539,napolitana_s,S,12
540,prsc_argla_s,S,12.5
541,bbq_ckn_m,M,16.75
542,spinach_supr_l,L,20.75
543,spinach_fet_s,S,12
544,ckn_alfredo_m,M,16.75
545,ital_supr_s,S,12.5
546,napolitana_m,M,16
547,cali_ckn_m,M,16.75
548,classic_dlx_l,L,20.5
549,green_garden_m,M,16
550,green_garden_s,S,12
551,spin_pesto_l,L,20.75
552,ital_supr_l,L,20.75
553,thai_ckn_m,M,16.75
554,four_cheese_m,M,14.75
555,sicilian_m,M,16.25
556,spinach_supr_l,L,20.75
557,calabrese_m,M,16.25
558,thai_ckn_l,L,20.75
559,veggie_veg_m,M,16
560,classic_dlx_l,L,20.5
561,spinach_supr_s,S,12.5
562,ital_supr_s,S,12.5
563,spicy_ital_l,L,20.75
564,bbq_ckn_l,L,20.75
565,ckn_pesto_l,L,20.75
566,ckn_alfredo_m,M,16.75
567,pepperoni_l,L,15.25
568,hawaiian_m,M,13.25
569,sicilian_m,M,16.25
570,spinach_supr_s,S,12.5
571,hawaiian_s,S,10.5
572,thai_ckn_l,L,20.75
573,bbq_ckn_l,L,20.75
574,calabrese_s,S,12.25
575,four_cheese_m,M,14.75
576,mexicana_m,M,16
577,prsc_argla_m,M,16.5
578,brie_carre_s,S,23.65
579,bbq_ckn_l,L,20.75
580,brie_carre_s,S,23.65
581,five_cheese_l,L,18.5
582,five_cheese_l,L,18.5
583,green_garden_m,M,16
584,hawaiian_l,L,16.5
585,spinach_fet_m,M,16
586,pep_msh_pep_l,L,17.5
587,cali_ckn_l,L,20.75
588,ckn_alfredo_l,L,20.75
589,classic_dlx_m,M,16
590,pepperoni_l,L,15.25
591,five_cheese_l,L,18.5
592,the_greek_l,L,20.5
593,brie_carre_s,S,23.65
594,cali_ckn_m,M,16.75
595,spin_pesto_l,L,20.75
596,mexicana_m,M,16
597,ckn_alfredo_m,M,16.75
598,mexicana_l,L,20.25
599,sicilian_m,M,16.25
600,spicy_ital_l,L,20.75
601,peppr_salami_m,M,16.5
602,four_cheese_l,L,17.95
603,mediterraneo_l,L,20.25
604,napolitana_s,S,12
605,ital_supr_l,L,20.75
606,pepperoni_s,S,9.75
607,ckn_alfredo_m,M,16.75
608,southw_ckn_l,L,20.75
609,spin_pesto_l,L,20.75
610,thai_ckn_l,L,20.75
611,big_meat_s,S,12
612,cali_ckn_m,M,16.75
613,ckn_alfredo_m,M,16.75
614,ckn_pesto_l,L,20.75
615,classic_dlx_m,M,16
616,ital_supr_m,M,16.5
617,sicilian_s,S,12.25
618,soppressata_m,M,16.5
619,southw_ckn_m,M,16.75
620,the_greek_s,S,12
621,ital_supr_m,M,16.5
622,soppressata_s,S,12.5
623,four_cheese_l,L,17.95
624,thai_ckn_l,L,20.75
625,classic_dlx_l,L,20.5
626,five_cheese_l,L,18.5
627,pepperoni_s,S,9.75
628,sicilian_m,M,16.25
629,five_cheese_l,L,18.5
630,spicy_ital_l,L,20.75
631,four_cheese_m,M,14.75
632,ital_veggie_m,M,16.75
633,southw_ckn_l,L,20.75
634,cali_ckn_m,M,16.75
635,ckn_alfredo_m,M,16.75
636,prsc_argla_m,M,16.5
637,veggie_veg_m,M,16
638,sicilian_s,S,12.25
639,classic_dlx_s,S,12
640,five_cheese_l,L,18.5
641,peppr_salami_l,L,20.75
642,spin_pesto_l,L,20.75
643,napolitana_m,M,16
644,four_cheese_m,M,14.75
645,hawaiian_s,S,10.5
646,napolitana_m,M,16
647,prsc_argla_l,L,20.75
648,ital_supr_m,M,16.5
649,peppr_salami_l,L,20.75
650,ital_supr_m,M,16.5
651,pep_msh_pep_m,M,14.5
652,pepperoni_m,M,12.5
653,sicilian_s,S,12.25
654,brie_carre_s,S,23.65
655,prsc_argla_l,L,20.75
656,spinach_supr_l,L,20.75
657,five_cheese_l,L,18.5
658,classic_dlx_s,S,12
659,veggie_veg_m,M,16
660,bbq_ckn_l,L,20.75
661,ckn_alfredo_m,M,16.75
662,four_cheese_m,M,14.75
663,spin_pesto_m,M,16.5
664,spinach_fet_l,L,20.25
665,classic_dlx_s,S,12
666,ital_veggie_s,S,12.75
667,bbq_ckn_m,M,16.75
668,ital_supr_l,L,20.75
669,thai_ckn_l,L,20.75
670,cali_ckn_m,M,16.75
671,green_garden_s,S,12
672,ital_cpcllo_s,S,12
673,thai_ckn_m,M,16.75
674,southw_ckn_m,M,16.75
675,cali_ckn_m,M,16.75
676,cali_ckn_s,S,12.75
677,ckn_alfredo_m,M,16.75
678,classic_dlx_s,S,12
679,classic_dlx_s,S,12
680,spinach_fet_m,M,16
681,big_meat_s,S,12
682,ital_cpcllo_s,S,12
683,ital_veggie_s,S,12.75
684,spinach_supr_s,S,12.5
685,napolitana_l,L,20.5
686,peppr_salami_l,L,20.75
687,big_meat_s,S,12
688,ital_cpcllo_m,M,16
689,pepperoni_s,S,9.75
690,hawaiian_s,S,10.5
691,mexicana_l,L,20.25
692,pepperoni_l,L,15.25
693,sicilian_s,S,12.25
694,spicy_ital_m,M,16.5
695,big_meat_s,S,12
696,hawaiian_s,S,10.5
697,napolitana_m,M,16
698,classic_dlx_l,L,20.5
699,thai_ckn_m,M,16.75
700,hawaiian_l,L,16.5
701,pep_msh_pep_l,L,17.5
702,thai_ckn_s,S,12.75
703,five_cheese_l,L,18.5
704,peppr_salami_m,M,16.5
705,hawaiian_s,S,10.5
706,thai_ckn_s,S,12.75
707,sicilian_l,L,20.25
708,big_meat_s,S,12
709,brie_carre_s,S,23.65
710,ckn_alfredo_m,M,16.75
711,sicilian_m,M,16.25
712,classic_dlx_m,M,16
713,calabrese_m,M,16.25
714,five_cheese_l,L,18.5
715,green_garden_m,M,16
716,hawaiian_m,M,13.25
717,veggie_veg_m,M,16
718,classic_dlx_m,M,16
719,hawaiian_s,S,10.5
720,ital_supr_m,M,16.5
721,cali_ckn_s,S,12.75
722,classic_dlx_m,M,16
723,four_cheese_l,L,17.95
724,hawaiian_s,S,10.5
725,pep_msh_pep_l,L,17.5
726,prsc_argla_s,S,12.5
727,spinach_fet_s,S,12
728,ital_cpcllo_l,L,20.5
729,mexicana_l,L,20.25
730,soppressata_s,S,12.5
731,spicy_ital_l,L,20.75
732,ital_supr_m,M,16.5
733,cali_ckn_m,M,16.75
734,ckn_pesto_l,L,20.75
735,ital_supr_l,L,20.75
736,cali_ckn_l,L,20.75
737,ckn_pesto_l,L,20.75
738,classic_dlx_s,S,12
739,thai_ckn_l,L,20.75
740,classic_dlx_m,M,16
741,five_cheese_l,L,18.5
742,classic_dlx_s,S,12
743,veggie_veg_s,S,12
744,cali_ckn_m,M,16.75
745,spinach_supr_l,L,20.75
746,classic_dlx_m,M,16
747,mediterraneo_l,L,20.25
748,spicy_ital_l,L,20.75
749,spinach_supr_m,M,16.5
750,big_meat_s,S,12
751,ckn_alfredo_m,M,16.75
752,classic_dlx_m,M,16
753,classic_dlx_s,S,12
754,five_cheese_l,L,18.5
755,four_cheese_l,L,17.95
756,hawaiian_l,L,16.5
757,pep_msh_pep_l,L,17.5
758,peppr_salami_s,S,12.5
759,sicilian_l,L,20.25
760,spicy_ital_l,L,20.75
761,spicy_ital_m,M,16.5
762,spinach_fet_l,L,20.25
763,the_greek_m,M,16
764,prsc_argla_m,M,16.5
765,sicilian_m,M,16.25
766,southw_ckn_l,L,20.75
767,thai_ckn_m,M,16.75
768,ckn_alfredo_m,M,16.75
769,calabrese_l,L,20.25
770,pepperoni_m,M,12.5
771,southw_ckn_m,M,16.75
772,thai_ckn_l,L,20.75
773,mediterraneo_l,L,20.25
774,prsc_argla_l,L,20.75
775,hawaiian_l,L,16.5
776,pepperoni_l,L,15.25
777,mexicana_l,L,20.25
778,thai_ckn_l,L,20.75
780,spicy_ital_m,M,16.5
781,peppr_salami_s,S,12.5
782,bbq_ckn_m,M,16.75
783,pepperoni_s,S,9.75
784,sicilian_l,L,20.25
785,southw_ckn_l,L,20.75
786,five_cheese_l,L,18.5
787,four_cheese_m,M,14.75
788,ital_cpcllo_m,M,16
789,peppr_salami_s,S,12.5
790,spinach_fet_s,S,12
791,green_garden_s,S,12
792,hawaiian_s,S,10.5
793,ital_cpcllo_l,L,20.5
794,napolitana_s,S,12
795,spinach_fet_l,L,20.25
796,thai_ckn_l,L,20.75
797,veggie_veg_m,M,16
798,classic_dlx_m,M,16
799,thai_ckn_l,L,20.75
800,thai_ckn_s,S,12.75
801,pepperoni_l,L,15.25
802,classic_dlx_l,L,20.5
803,pepperoni_m,M,12.5
804,spicy_ital_s,S,12.5
805,big_meat_s,S,12
806,hawaiian_m,M,13.25
807,big_meat_s,S,12
808,ital_cpcllo_l,L,20.5
809,bbq_ckn_l,L,20.75
810,cali_ckn_l,L,20.75
811,prsc_argla_s,S,12.5
812,green_garden_s,S,12
813,veggie_veg_l,L,20.25
814,ckn_alfredo_m,M,16.75
815,ital_supr_m,M,16.5
816,ckn_alfredo_m,M,16.75
817,cali_ckn_l,L,20.75
818,southw_ckn_s,S,12.75
819,spinach_fet_s,S,12
820,ital_supr_m,M,16.5
821,green_garden_m,M,16
822,thai_ckn_l,L,20.75
823,bbq_ckn_l,L,20.75
824,green_garden_s,S,12
825,hawaiian_s,S,10.5
826,big_meat_s,S,12
827,ital_cpcllo_s,S,12
828,bbq_ckn_m,M,16.75
829,mexicana_l,L,20.25
830,mediterraneo_l,L,20.25
831,mexicana_l,L,20.25
832,ital_supr_m,M,16.5
834,four_cheese_m,M,14.75
835,mediterraneo_l,L,20.25
836,pepperoni_m,M,12.5
837,ital_cpcllo_l,L,20.5
838,hawaiian_l,L,16.5
839,spinach_fet_m,M,16
840,spin_pesto_m,M,16.5
841,thai_ckn_l,L,20.75
842,spinach_fet_m,M,16
843,four_cheese_l,L,17.95
844,hawaiian_s,S,10.5
845,pepperoni_m,M,12.5
846,spinach_fet_s,S,12
847,ckn_pesto_s,S,12.75
848,classic_dlx_m,M,16
849,sicilian_l,L,20.25
850,big_meat_s,S,12
851,ckn_alfredo_m,M,16.75
852,peppr_salami_s,S,12.5
853,mexicana_m,M,16
855,veggie_veg_l,L,20.25
856,hawaiian_m,M,13.25
857,thai_ckn_l,L,20.75
858,ital_veggie_s,S,12.75
859,thai_ckn_l,L,20.75
860,calabrese_m,M,16.25
861,cali_ckn_m,M,16.75
862,southw_ckn_m,M,16.75
863,thai_ckn_s,S,12.75
864,veggie_veg_m,M,16
865,spicy_ital_m,M,16.5
866,hawaiian_s,S,10.5
867,ital_cpcllo_m,M,16
868,mediterraneo_m,M,16
869,the_greek_s,S,12
870,veggie_veg_l,L,20.25
871,ital_veggie_s,S,12.75
872,soppressata_m,M,16.5
873,thai_ckn_m,M,16.75
874,bbq_ckn_s,S,12.75
875,big_meat_s,S,12
876,ckn_pesto_m,M,16.75
877,five_cheese_l,L,18.5
878,pepperoni_s,S,9.75
879,spicy_ital_l,L,20.75
880,spinach_fet_s,S,12
881,bbq_ckn_s,S,12.75
882,ckn_alfredo_m,M,16.75
883,mediterraneo_m,M,16
884,veggie_veg_s,S,12
885,spin_pesto_l,L,20.75
886,pep_msh_pep_l,L,17.5
887,the_greek_m,M,16
888,big_meat_s,S,12
889,calabrese_s,S,12.25
890,cali_ckn_l,L,20.75
891,pepperoni_s,S,9.75
892,prsc_argla_l,L,20.75
893,sicilian_l,L,20.25
894,soppressata_l,L,20.75
895,spicy_ital_l,L,20.75
896,green_garden_s,S,12
897,hawaiian_l,L,16.5
898,big_meat_s,S,12
899,ckn_pesto_s,S,12.75
900,hawaiian_l,L,16.5
901,hawaiian_s,S,10.5
902,pep_msh_pep_l,L,17.5
903,pepperoni_m,M,12.5
904,pepperoni_s,S,9.75
905,sicilian_l,L,20.25
906,spicy_ital_l,L,20.75
907,spin_pesto_s,S,12.5
908,thai_ckn_l,L,20.75
909,veggie_veg_s,S,12
910,napolitana_m,M,16
911,spinach_fet_s,S,12
912,five_cheese_l,L,18.5
913,hawaiian_l,L,16.5
914,pepperoni_m,M,12.5
915,pepperoni_s,S,9.75
916,bbq_ckn_m,M,16.75
917,cali_ckn_l,L,20.75
918,four_cheese_m,M,14.75
919,the_greek_m,M,16
920,pepperoni_m,M,12.5
921,thai_ckn_l,L,20.75
922,veggie_veg_m,M,16
923,four_cheese_l,L,17.95
924,ital_supr_m,M,16.5
925,bbq_ckn_s,S,12.75
926,classic_dlx_l,L,20.5
927,prsc_argla_s,S,12.5
928,ckn_pesto_l,L,20.75
929,sicilian_l,L,20.25
930,ckn_alfredo_m,M,16.75
931,classic_dlx_m,M,16
932,ital_veggie_s,S,12.75
933,cali_ckn_m,M,16.75
934,classic_dlx_l,L,20.5
935,pepperoni_m,M,12.5
936,brie_carre_s,S,23.65
937,peppr_salami_m,M,16.5
938,pepperoni_l,L,15.25
939,big_meat_s,S,12
940,mediterraneo_m,M,16
942,ital_supr_m,M,16.5
943,southw_ckn_l,L,20.75
944,brie_carre_s,S,23.65
945,spinach_supr_m,M,16.5
946,the_greek_s,S,12
947,classic_dlx_s,S,12
948,five_cheese_l,L,18.5
949,ital_supr_m,M,16.5
950,cali_ckn_s,S,12.75
951,spinach_fet_l,L,20.25
952,pepperoni_s,S,9.75
953,ckn_pesto_m,M,16.75
954,sicilian_m,M,16.25
955,bbq_ckn_l,L,20.75
956,hawaiian_l,L,16.5
957,ital_veggie_m,M,16.75
958,veggie_veg_s,S,12
959,five_cheese_l,L,18.5
960,pep_msh_pep_s,S,11
961,bbq_ckn_l,L,20.75
962,calabrese_l,L,20.25
963,ckn_pesto_s,S,12.75
964,four_cheese_l,L,17.95
965,ital_supr_m,M,16.5
966,spinach_fet_m,M,16
967,ital_supr_l,L,20.75
968,sicilian_s,S,12.25
969,pepperoni_m,M,12.5
970,soppressata_m,M,16.5
971,classic_dlx_m,M,16
972,sicilian_s,S,12.25
973,soppressata_m,M,16.5
974,spinach_fet_l,L,20.25
975,calabrese_l,L,20.25
976,ital_cpcllo_s,S,12
977,spicy_ital_m,M,16.5
978,green_garden_m,M,16
979,sicilian_s,S,12.25
980,big_meat_s,S,12
981,ckn_alfredo_s,S,12.75
982,four_cheese_l,L,17.95
983,hawaiian_l,L,16.5
984,ital_cpcllo_s,S,12
985,thai_ckn_l,L,20.75
986,veggie_veg_s,S,12
987,spicy_ital_l,L,20.75
988,napolitana_m,M,16
989,spicy_ital_l,L,20.75
990,veggie_veg_l,L,20.25
991,classic_dlx_m,M,16
992,pep_msh_pep_m,M,14.5
993,spinach_supr_s,S,12.5
994,classic_dlx_l,L,20.5
995,ital_supr_m,M,16.5
996,pep_msh_pep_s,S,11
997,peppr_salami_s,S,12.5
998,bbq_ckn_m,M,16.75
999,veggie_veg_m,M,16
1000,ckn_alfredo_m,M,16.75
1001,pepperoni_m,M,12.5
1002,the_greek_s,S,12
1003,calabrese_m,M,16.25
1004,ckn_alfredo_m,M,16.75
1005,five_cheese_l,L,18.5
1006,four_cheese_l,L,17.95
1007,four_cheese_m,M,14.75
1008,green_garden_l,L,20.25
1009,green_garden_m,M,16
1010,hawaiian_l,L,16.5
1011,ital_veggie_l,L,21
1012,pepperoni_l,L,15.25
1013,spicy_ital_l,L,20.75
1014,spinach_fet_s,S,12
1015,thai_ckn_l,L,20.75
1016,veggie_veg_m,M,16
1017,spicy_ital_l,L,20.75
1018,thai_ckn_l,L,20.75
1019,peppr_salami_l,L,20.75
1020,big_meat_s,S,12
1021,cali_ckn_m,M,16.75
1022,four_cheese_l,L,17.95
1023,ital_cpcllo_m,M,16
1024,ital_veggie_m,M,16.75
1025,mexicana_l,L,20.25
1026,pepperoni_l,L,15.25
1027,sicilian_l,L,20.25
1028,sicilian_m,M,16.25
1029,southw_ckn_m,M,16.75
1030,spicy_ital_l,L,20.75
1031,spicy_ital_s,S,12.5
1032,spinach_supr_m,M,16.5
1033,thai_ckn_m,M,16.75
1034,four_cheese_m,M,14.75
1035,hawaiian_l,L,16.5
1036,big_meat_s,S,12
1037,ital_veggie_m,M,16.75
1038,sicilian_l,L,20.25
1039,five_cheese_l,L,18.5
1040,hawaiian_s,S,10.5
1041,pep_msh_pep_m,M,14.5
1042,sicilian_m,M,16.25
1043,thai_ckn_l,L,20.75
1044,big_meat_s,S,12
1045,five_cheese_l,L,18.5
1046,ital_cpcllo_m,M,16
1047,southw_ckn_l,L,20.75
1048,bbq_ckn_m,M,16.75
1049,big_meat_s,S,12
1050,sicilian_m,M,16.25
1051,cali_ckn_s,S,12.75
1052,four_cheese_l,L,17.95
1053,sicilian_m,M,16.25
1054,thai_ckn_l,L,20.75
1055,spicy_ital_m,M,16.5
1056,ital_supr_l,L,20.75
1057,spinach_fet_l,L,20.25
1058,cali_ckn_l,L,20.75
1059,ckn_alfredo_m,M,16.75
1060,classic_dlx_m,M,16
1061,prsc_argla_m,M,16.5
1062,spinach_supr_m,M,16.5
1063,the_greek_s,S,12
1064,spicy_ital_l,L,20.75
1065,green_garden_s,S,12
1066,ital_supr_m,M,16.5
1067,cali_ckn_m,M,16.75
1068,hawaiian_s,S,10.5
1069,spinach_fet_s,S,12
1070,bbq_ckn_l,L,20.75
1071,prsc_argla_m,M,16.5
1072,bbq_ckn_l,L,20.75
1073,calabrese_m,M,16.25
1074,napolitana_s,S,12
1075,spinach_fet_l,L,20.25
1077,prsc_argla_s,S,12.5
1078,four_cheese_l,L,17.95
1079,pepperoni_l,L,15.25
1080,bbq_ckn_m,M,16.75
1081,sicilian_s,S,12.25
1082,veggie_veg_s,S,12
1083,ital_veggie_s,S,12.75
1084,ital_veggie_l,L,21
1085,ital_veggie_m,M,16.75
1086,hawaiian_l,L,16.5
1087,prsc_argla_m,M,16.5
1088,southw_ckn_m,M,16.75
1089,green_garden_s,S,12
1090,pepperoni_s,S,9.75
1091,big_meat_s,S,12
1092,thai_ckn_l,L,20.75
1093,pepperoni_m,M,12.5
1094,prsc_argla_l,L,20.75
1095,veggie_veg_m,M,16
1096,green_garden_m,M,16
1097,mexicana_m,M,16
1098,calabrese_m,M,16.25
1099,ckn_alfredo_m,M,16.75
1100,five_cheese_l,L,18.5
1101,ital_cpcllo_l,L,20.5
1102,pepperoni_m,M,12.5
1103,pepperoni_s,S,9.75
1104,spinach_fet_s,S,12
1105,green_garden_l,L,20.25
1106,ital_supr_m,M,16.5
1107,spicy_ital_s,S,12.5
1108,bbq_ckn_l,L,20.75
1109,napolitana_s,S,12
1110,pep_msh_pep_s,S,11
1111,spicy_ital_m,M,16.5
1112,four_cheese_l,L,17.95
1113,mexicana_l,L,20.25
1114,cali_ckn_m,M,16.75
1115,spinach_supr_s,S,12.5
1116,hawaiian_s,S,10.5
1117,sicilian_l,L,20.25
1118,spinach_fet_l,L,20.25
1119,veggie_veg_m,M,16
1120,peppr_salami_l,L,20.75
1121,big_meat_s,S,12
1122,classic_dlx_m,M,16
1123,napolitana_m,M,16
1124,napolitana_s,S,12
1125,pepperoni_l,L,15.25
1126,peppr_salami_l,L,20.75
1127,prsc_argla_m,M,16.5
1128,ckn_pesto_l,L,20.75
1129,sicilian_m,M,16.25
1130,spinach_fet_m,M,16
1131,ital_supr_l,L,20.75
1132,five_cheese_l,L,18.5
1133,four_cheese_l,L,17.95
1134,mexicana_l,L,20.25
1135,southw_ckn_l,L,20.75
1136,ital_supr_m,M,16.5
1137,sicilian_l,L,20.25
1138,hawaiian_l,L,16.5
1139,soppressata_s,S,12.5
1140,veggie_veg_s,S,12
1141,ital_supr_m,M,16.5
1142,calabrese_s,S,12.25
1143,four_cheese_l,L,17.95
1144,mexicana_m,M,16
1145,pep_msh_pep_m,M,14.5
1146,mediterraneo_m,M,16
1147,cali_ckn_s,S,12.75
1148,hawaiian_s,S,10.5
1149,southw_ckn_l,L,20.75
1150,ital_veggie_m,M,16.75
1151,pepperoni_l,L,15.25
1152,sicilian_m,M,16.25
1153,the_greek_l,L,20.5
1154,pepperoni_m,M,12.5
1156,spinach_fet_m,M,16
1157,ckn_pesto_s,S,12.75
1158,cali_ckn_m,M,16.75
1159,cali_ckn_s,S,12.75
1160,pepperoni_m,M,12.5
1161,spicy_ital_l,L,20.75
1162,classic_dlx_m,M,16
1163,classic_dlx_s,S,12
1164,ital_supr_l,L,20.75
1165,spicy_ital_l,L,20.75
1166,five_cheese_l,L,18.5
1167,ital_veggie_m,M,16.75
1168,four_cheese_l,L,17.95
1169,ital_veggie_m,M,16.75
1170,pepperoni_l,L,15.25
1171,thai_ckn_l,L,20.75
1172,classic_dlx_s,S,12
1173,ckn_pesto_l,L,20.75
1174,mediterraneo_l,L,20.25
1175,napolitana_l,L,20.5
1176,veggie_veg_l,L,20.25
1177,mexicana_m,M,16
1178,big_meat_s,S,12
1179,prsc_argla_l,L,20.75
1180,sicilian_s,S,12.25
1181,prsc_argla_s,S,12.5
1182,spin_pesto_l,L,20.75
1183,thai_ckn_s,S,12.75
1184,bbq_ckn_s,S,12.75
1185,big_meat_s,S,12
1186,classic_dlx_s,S,12
1187,five_cheese_l,L,18.5
1188,four_cheese_l,L,17.95
1189,green_garden_s,S,12
1190,ital_cpcllo_m,M,16
1191,ital_veggie_l,L,21
1192,sicilian_l,L,20.25
1193,the_greek_l,L,20.5
1194,the_greek_m,M,16
1195,prsc_argla_m,M,16.5
1196,sicilian_s,S,12.25
1197,thai_ckn_m,M,16.75
1198,pepperoni_l,L,15.25
1199,cali_ckn_l,L,20.75
1200,five_cheese_l,L,18.5
1201,four_cheese_l,L,17.95
1202,southw_ckn_l,L,20.75
1203,ital_cpcllo_m,M,16
1204,calabrese_m,M,16.25
1205,cali_ckn_m,M,16.75
1206,hawaiian_s,S,10.5
1207,classic_dlx_l,L,20.5
1208,ital_supr_m,M,16.5
1209,peppr_salami_m,M,16.5
1210,peppr_salami_l,L,20.75
1211,soppressata_s,S,12.5
1212,five_cheese_l,L,18.5
1213,spicy_ital_l,L,20.75
1215,prsc_argla_l,L,20.75
1216,southw_ckn_l,L,20.75
1217,classic_dlx_m,M,16
1218,brie_carre_s,S,23.65
1219,peppr_salami_l,L,20.75
1220,classic_dlx_s,S,12
1221,hawaiian_s,S,10.5
1222,ital_supr_l,L,20.75
1223,spinach_supr_l,L,20.75
1224,five_cheese_l,L,18.5
1225,ital_veggie_l,L,21
1226,spinach_fet_m,M,16
1227,spinach_supr_l,L,20.75
1228,big_meat_s,S,12
1229,bbq_ckn_l,L,20.75
1230,prsc_argla_m,M,16.5
1231,ckn_pesto_l,L,20.75
1232,classic_dlx_m,M,16
1233,mediterraneo_m,M,16
1234,napolitana_m,M,16
1235,sicilian_m,M,16.25
1236,pepperoni_l,L,15.25
1237,pepperoni_s,S,9.75
1238,peppr_salami_l,L,20.75
1239,soppressata_l,L,20.75
1240,green_garden_s,S,12
1241,big_meat_s,S,12
1242,hawaiian_l,L,16.5
1243,big_meat_s,S,12
1244,thai_ckn_l,L,20.75
1245,spinach_fet_m,M,16
1246,the_greek_m,M,16
1247,four_cheese_l,L,17.95
1248,soppressata_m,M,16.5
1249,thai_ckn_l,L,20.75
1250,the_greek_m,M,16
1251,ckn_alfredo_m,M,16.75
1252,green_garden_s,S,12
1253,ital_supr_l,L,20.75
1254,mexicana_l,L,20.25
1255,ckn_alfredo_m,M,16.75
1256,green_garden_s,S,12
1257,bbq_ckn_s,S,12.75
1258,hawaiian_s,S,10.5
1259,four_cheese_l,L,17.95
1261,sicilian_s,S,12.25
1262,spicy_ital_s,S,12.5
1263,hawaiian_m,M,13.25
1264,classic_dlx_s,S,12
1265,green_garden_m,M,16
1266,spicy_ital_m,M,16.5
1267,spinach_supr_s,S,12.5
1268,ckn_alfredo_m,M,16.75
1269,mexicana_l,L,20.25
1270,veggie_veg_s,S,12
1271,mediterraneo_s,S,12
1272,pepperoni_m,M,12.5
1273,spinach_supr_l,L,20.75
1274,ital_veggie_s,S,12.75
1275,spinach_supr_l,L,20.75
1276,bbq_ckn_l,L,20.75
1277,five_cheese_l,L,18.5
1278,four_cheese_m,M,14.75
1279,pepperoni_m,M,12.5
1280,sicilian_m,M,16.25
1281,sicilian_s,S,12.25
1282,soppressata_l,L,20.75
1283,spicy_ital_l,L,20.75
1284,spinach_supr_m,M,16.5
1285,thai_ckn_s,S,12.75
1286,mexicana_l,L,20.25
1287,bbq_ckn_s,S,12.75
1288,ckn_alfredo_m,M,16.75
1289,classic_dlx_s,S,12
1290,green_garden_m,M,16
1291,southw_ckn_l,L,20.75
1292,big_meat_s,S,12
1293,southw_ckn_m,M,16.75
1294,classic_dlx_m,M,16
1295,five_cheese_l,L,18.5
1296,ital_veggie_m,M,16.75
1297,classic_dlx_l,L,20.5
1298,napolitana_l,L,20.5
1299,pepperoni_l,L,15.25
1300,spinach_fet_m,M,16
1301,big_meat_s,S,12
1302,ckn_alfredo_m,M,16.75
1303,spinach_fet_s,S,12
1304,spinach_fet_m,M,16
1305,veggie_veg_l,L,20.25
1306,bbq_ckn_s,S,12.75
1307,calabrese_m,M,16.25
1308,pepperoni_l,L,15.25
1309,peppr_salami_m,M,16.5
1311,green_garden_s,S,12
1312,hawaiian_m,M,13.25
1313,southw_ckn_m,M,16.75
1314,mexicana_l,L,20.25
1315,mediterraneo_l,L,20.25
1316,ital_supr_l,L,20.75
1317,sicilian_s,S,12.25
1318,soppressata_s,S,12.5
1319,brie_carre_s,S,23.65
1320,mexicana_l,L,20.25
1321,ital_cpcllo_m,M,16
1322,southw_ckn_m,M,16.75
1323,peppr_salami_l,L,20.75
1324,peppr_salami_s,S,12.5
1325,cali_ckn_s,S,12.75
1326,ital_supr_s,S,12.5
1327,mediterraneo_m,M,16
1328,veggie_veg_s,S,12
1329,five_cheese_l,L,18.5
1330,four_cheese_l,L,17.95
1331,southw_ckn_s,S,12.75
1332,spin_pesto_l,L,20.75
1333,ital_veggie_s,S,12.75
1334,pep_msh_pep_m,M,14.5
1335,thai_ckn_l,L,20.75
1336,cali_ckn_l,L,20.75
1337,spicy_ital_l,L,20.75
1338,calabrese_l,L,20.25
1339,classic_dlx_l,L,20.5
1340,prsc_argla_m,M,16.5
1341,pep_msh_pep_s,S,11
1342,soppressata_s,S,12.5
1343,cali_ckn_l,L,20.75
1344,prsc_argla_m,M,16.5
1345,spicy_ital_m,M,16.5
1346,prsc_argla_l,L,20.75
1347,peppr_salami_l,L,20.75
1348,classic_dlx_s,S,12
1349,four_cheese_l,L,17.95
1350,mediterraneo_m,M,16
1351,mexicana_m,M,16
1352,bbq_ckn_l,L,20.75
1353,classic_dlx_s,S,12
1354,spin_pesto_m,M,16.5
1355,peppr_salami_l,L,20.75
1356,mexicana_m,M,16
1357,soppressata_s,S,12.5
1358,spinach_supr_m,M,16.5
1359,pepperoni_m,M,12.5
1361,pepperoni_l,L,15.25
1362,bbq_ckn_m,M,16.75
1363,ital_supr_m,M,16.5
1364,spinach_supr_l,L,20.75
1365,hawaiian_l,L,16.5
1366,pepperoni_m,M,12.5
1367,thai_ckn_l,L,20.75
1368,thai_ckn_s,S,12.75
1369,four_cheese_l,L,17.95
1370,big_meat_s,S,12
1371,pepperoni_l,L,15.25
1372,five_cheese_l,L,18.5
1373,mexicana_s,S,12
1374,southw_ckn_m,M,16.75
1376,big_meat_s,S,12
1377,ital_supr_l,L,20.75
1378,mexicana_l,L,20.25
1379,soppressata_s,S,12.5
1380,napolitana_s,S,12
1381,peppr_salami_l,L,20.75
1382,cali_ckn_l,L,20.75
1383,pep_msh_pep_m,M,14.5
1384,prsc_argla_l,L,20.75
1385,veggie_veg_m,M,16
1386,ckn_pesto_l,L,20.75
1387,southw_ckn_m,M,16.75
1388,prsc_argla_m,M,16.5
1389,spin_pesto_m,M,16.5
1390,ital_cpcllo_l,L,20.5
1391,bbq_ckn_l,L,20.75
1392,cali_ckn_m,M,16.75
1393,peppr_salami_m,M,16.5
1394,the_greek_s,S,12
1395,calabrese_m,M,16.25
1396,four_cheese_l,L,17.95
1397,mexicana_l,L,20.25
1398,spicy_ital_l,L,20.75
1399,ital_supr_m,M,16.5
1400,spicy_ital_l,L,20.75
1401,cali_ckn_l,L,20.75
1402,hawaiian_l,L,16.5
1403,cali_ckn_m,M,16.75
1404,veggie_veg_m,M,16
1405,spinach_fet_l,L,20.25
1406,spinach_supr_m,M,16.5
1407,classic_dlx_m,M,16
1408,four_cheese_m,M,14.75
1409,the_greek_l,L,20.5
1410,the_greek_m,M,16
1411,classic_dlx_l,L,20.5
1412,ital_veggie_s,S,12.75
1413,the_greek_s,S,12
1414,veggie_veg_s,S,12
1415,calabrese_m,M,16.25
1416,five_cheese_l,L,18.5
1417,pep_msh_pep_m,M,14.5
1418,spin_pesto_l,L,20.75
1419,sicilian_s,S,12.25
1420,pepperoni_l,L,15.25
1421,classic_dlx_s,S,12
1422,mediterraneo_l,L,20.25
1423,pepperoni_l,L,15.25
1424,peppr_salami_l,L,20.75
1425,pepperoni_l,L,15.25
1426,calabrese_l,L,20.25
1427,cali_ckn_s,S,12.75
1428,hawaiian_s,S,10.5
1429,mexicana_l,L,20.25
1430,pepperoni_m,M,12.5
1431,pepperoni_s,S,9.75
1432,peppr_salami_s,S,12.5
1433,sicilian_s,S,12.25
1434,spinach_fet_l,L,20.25
1435,spinach_fet_s,S,12
1436,classic_dlx_m,M,16
1437,the_greek_l,L,20.5
1438,veggie_veg_m,M,16
1439,mexicana_l,L,20.25
1440,pep_msh_pep_m,M,14.5
1441,cali_ckn_s,S,12.75
1442,ckn_pesto_l,L,20.75
1443,napolitana_s,S,12
1444,pepperoni_m,M,12.5
1445,southw_ckn_l,L,20.75
1446,spin_pesto_m,M,16.5
1447,spinach_fet_s,S,12
1448,calabrese_m,M,16.25
1449,cali_ckn_l,L,20.75
1450,ital_supr_l,L,20.75
1451,soppressata_l,L,20.75
1452,spinach_fet_m,M,16
1453,ital_supr_l,L,20.75
1454,peppr_salami_m,M,16.5
1455,bbq_ckn_m,M,16.75
1456,big_meat_s,S,12
1457,hawaiian_s,S,10.5
1458,thai_ckn_l,L,20.75
1459,hawaiian_s,S,10.5
1460,four_cheese_l,L,17.95
1461,pepperoni_m,M,12.5
1462,cali_ckn_s,S,12.75
1463,pepperoni_m,M,12.5
1464,peppr_salami_m,M,16.5
1465,sicilian_s,S,12.25
1466,pepperoni_m,M,12.5
1467,bbq_ckn_s,S,12.75
1468,calabrese_m,M,16.25
1469,pepperoni_m,M,12.5
1470,big_meat_s,S,12
1471,ckn_alfredo_m,M,16.75
1472,ckn_pesto_s,S,12.75
1473,prsc_argla_s,S,12.5
1474,thai_ckn_s,S,12.75
1475,mexicana_l,L,20.25
1476,sicilian_l,L,20.25
1477,spin_pesto_m,M,16.5
1478,ital_supr_m,M,16.5
1479,thai_ckn_l,L,20.75
1480,veggie_veg_l,L,20.25
1481,bbq_ckn_m,M,16.75
1482,classic_dlx_m,M,16
1483,napolitana_m,M,16
1484,peppr_salami_s,S,12.5
1485,veggie_veg_m,M,16
1486,ital_supr_m,M,16.5
1487,sicilian_l,L,20.25
1488,bbq_ckn_s,S,12.75
1489,ital_supr_m,M,16.5
1490,napolitana_s,S,12
1491,bbq_ckn_l,L,20.75
1492,prsc_argla_s,S,12.5
1493,four_cheese_l,L,17.95
1494,calabrese_m,M,16.25
1495,ital_supr_l,L,20.75
1496,pepperoni_l,L,15.25
1497,bbq_ckn_m,M,16.75
1498,mediterraneo_s,S,12
1499,hawaiian_l,L,16.5
1500,big_meat_s,S,12
1501,pepperoni_s,S,9.75
1502,ital_supr_m,M,16.5
1503,mexicana_l,L,20.25
1504,peppr_salami_l,L,20.75
1505,spicy_ital_m,M,16.5
1506,ital_cpcllo_l,L,20.5
1507,mexicana_l,L,20.25
1508,ital_cpcllo_s,S,12
1509,soppressata_m,M,16.5
1510,ckn_pesto_s,S,12.75
1511,green_garden_m,M,16
1512,spicy_ital_l,L,20.75
1513,soppressata_l,L,20.75
1514,thai_ckn_m,M,16.75
1515,ckn_pesto_m,M,16.75
1516,mexicana_l,L,20.25
1517,prsc_argla_s,S,12.5
1518,spinach_fet_m,M,16
1519,napolitana_l,L,20.5
1520,mexicana_l,L,20.25
1521,veggie_veg_m,M,16
1522,peppr_salami_l,L,20.75
1523,mexicana_s,S,12
1524,napolitana_m,M,16
1525,spicy_ital_m,M,16.5
1526,brie_carre_s,S,23.65
1527,four_cheese_m,M,14.75
1528,ital_supr_l,L,20.75
1529,mediterraneo_l,L,20.25
1530,ckn_pesto_s,S,12.75
1531,sicilian_m,M,16.25
1532,peppr_salami_l,L,20.75
1533,ital_supr_l,L,20.75
1534,ckn_pesto_l,L,20.75
1535,ital_veggie_s,S,12.75
1536,peppr_salami_m,M,16.5
1537,four_cheese_l,L,17.95
1538,soppressata_l,L,20.75
1539,big_meat_s,S,12
1540,ital_veggie_m,M,16.75
1541,spicy_ital_l,L,20.75
1542,spinach_supr_m,M,16.5
1543,thai_ckn_l,L,20.75
1544,thai_ckn_m,M,16.75
1545,pepperoni_m,M,12.5
1546,bbq_ckn_l,L,20.75
1547,cali_ckn_m,M,16.75
1548,ital_veggie_m,M,16.75
1549,bbq_ckn_l,L,20.75
1550,big_meat_s,S,12
1551,green_garden_m,M,16
1552,ital_cpcllo_s,S,12
1553,ital_veggie_l,L,21
1554,pep_msh_pep_m,M,14.5
1555,pepperoni_l,L,15.25
1556,southw_ckn_s,S,12.75
1557,prsc_argla_m,M,16.5
1558,spicy_ital_s,S,12.5
1559,classic_dlx_m,M,16
1560,spin_pesto_s,S,12.5
1561,big_meat_s,S,12
1562,pep_msh_pep_l,L,17.5
1563,thai_ckn_l,L,20.75
1564,pepperoni_s,S,9.75
1565,brie_carre_s,S,23.65
1566,ckn_pesto_s,S,12.75
1567,ital_cpcllo_l,L,20.5
1568,peppr_salami_s,S,12.5
1569,sicilian_s,S,12.25
1570,hawaiian_s,S,10.5
1571,prsc_argla_s,S,12.5
1572,bbq_ckn_s,S,12.75
1573,sicilian_s,S,12.25
1574,peppr_salami_s,S,12.5
1575,calabrese_m,M,16.25
1576,mediterraneo_l,L,20.25
1577,green_garden_s,S,12
1578,ital_supr_m,M,16.5
1579,southw_ckn_m,M,16.75
1580,cali_ckn_s,S,12.75
1581,napolitana_l,L,20.5
1582,bbq_ckn_m,M,16.75
1583,peppr_salami_l,L,20.75
1584,southw_ckn_l,L,20.75
1585,four_cheese_l,L,17.95
1586,bbq_ckn_s,S,12.75
1587,hawaiian_l,L,16.5
1588,southw_ckn_l,L,20.75
1589,the_greek_s,S,12
1591,ckn_alfredo_m,M,16.75
1592,mexicana_l,L,20.25
1593,pep_msh_pep_m,M,14.5
1594,sicilian_l,L,20.25
1595,ital_veggie_l,L,21
1596,five_cheese_l,L,18.5
1597,mediterraneo_s,S,12
1598,classic_dlx_m,M,16
1599,hawaiian_l,L,16.5
1600,hawaiian_s,S,10.5
1601,ital_cpcllo_l,L,20.5
1602,pepperoni_m,M,12.5
1603,peppr_salami_m,M,16.5
1604,spinach_fet_m,M,16
1605,big_meat_s,S,12
1606,bbq_ckn_m,M,16.75
1607,southw_ckn_l,L,20.75
1608,cali_ckn_m,M,16.75
1609,southw_ckn_l,L,20.75
1610,bbq_ckn_l,L,20.75
1611,mexicana_s,S,12
1612,green_garden_m,M,16
1613,napolitana_l,L,20.5
1614,pep_msh_pep_m,M,14.5
1615,sicilian_m,M,16.25
1616,classic_dlx_s,S,12
1617,spicy_ital_l,L,20.75
1618,napolitana_l,L,20.5
1619,spin_pesto_s,S,12.5
1620,bbq_ckn_l,L,20.75
1621,pepperoni_s,S,9.75
1622,big_meat_s,S,12
1623,green_garden_m,M,16
1624,southw_ckn_l,L,20.75
1625,big_meat_s,S,12
1626,mexicana_s,S,12
1627,thai_ckn_l,L,20.75
1629,sicilian_s,S,12.25
1630,sicilian_s,S,12.25
1631,southw_ckn_m,M,16.75
1632,thai_ckn_s,S,12.75
1633,the_greek_m,M,16
1634,classic_dlx_m,M,16
1635,hawaiian_l,L,16.5
1636,sicilian_s,S,12.25
1637,ital_supr_m,M,16.5
1638,sicilian_m,M,16.25
1639,veggie_veg_s,S,12
1640,spinach_fet_l,L,20.25
1641,cali_ckn_s,S,12.75
1642,ital_cpcllo_l,L,20.5
1643,pepperoni_s,S,9.75
1644,thai_ckn_l,L,20.75
1645,pepperoni_s,S,9.75
1646,ckn_pesto_s,S,12.75
1647,pep_msh_pep_m,M,14.5
1648,pep_msh_pep_s,S,11
1649,five_cheese_l,L,18.5
1650,veggie_veg_s,S,12
1651,bbq_ckn_m,M,16.75
1652,thai_ckn_m,M,16.75
1653,southw_ckn_m,M,16.75
1654,big_meat_s,S,12
1655,cali_ckn_m,M,16.75
1656,ckn_pesto_l,L,20.75
1657,five_cheese_l,L,18.5
1658,four_cheese_l,L,17.95
1659,ital_cpcllo_l,L,20.5
1660,ital_supr_m,M,16.5
1661,napolitana_l,L,20.5
1662,prsc_argla_m,M,16.5
1663,sicilian_l,L,20.25
1664,spinach_fet_l,L,20.25
1665,spinach_fet_m,M,16
1666,spinach_fet_s,S,12
1668,napolitana_m,M,16
1669,bbq_ckn_l,L,20.75
1670,napolitana_l,L,20.5
1671,peppr_salami_m,M,16.5
1672,bbq_ckn_l,L,20.75
1673,cali_ckn_m,M,16.75
1674,classic_dlx_m,M,16
1675,four_cheese_m,M,14.75
1676,mediterraneo_m,M,16
1677,napolitana_l,L,20.5
1678,the_greek_m,M,16
1679,spicy_ital_l,L,20.75
1680,veggie_veg_m,M,16
1681,mexicana_l,L,20.25
1682,sicilian_s,S,12.25
1683,spicy_ital_l,L,20.75
1684,five_cheese_l,L,18.5
1685,pepperoni_m,M,12.5
1686,pep_msh_pep_m,M,14.5
1687,calabrese_l,L,20.25
1688,hawaiian_s,S,10.5
1689,napolitana_s,S,12
1690,veggie_veg_m,M,16
1691,hawaiian_s,S,10.5
1692,soppressata_s,S,12.5
1693,green_garden_s,S,12
1694,hawaiian_s,S,10.5
1695,ital_supr_m,M,16.5
1696,prsc_argla_l,L,20.75
1697,pep_msh_pep_m,M,14.5
1698,southw_ckn_l,L,20.75
1699,bbq_ckn_m,M,16.75
1700,four_cheese_m,M,14.75
1701,ckn_pesto_s,S,12.75
1702,spin_pesto_m,M,16.5
1703,veggie_veg_s,S,12
1704,napolitana_l,L,20.5
1705,pepperoni_m,M,12.5
1706,spicy_ital_l,L,20.75
1707,veggie_veg_m,M,16
1708,four_cheese_m,M,14.75
1709,prsc_argla_s,S,12.5
1710,calabrese_l,L,20.25
1711,cali_ckn_s,S,12.75
1712,sicilian_s,S,12.25
1713,soppressata_m,M,16.5
1714,ital_cpcllo_l,L,20.5
1715,soppressata_l,L,20.75
1716,thai_ckn_l,L,20.75
1718,classic_dlx_m,M,16
1719,ital_supr_m,M,16.5
1721,cali_ckn_s,S,12.75
1722,ital_cpcllo_l,L,20.5
1723,peppr_salami_s,S,12.5
1724,sicilian_s,S,12.25
1725,ital_veggie_s,S,12.75
1726,mexicana_m,M,16
1727,southw_ckn_l,L,20.75
1728,classic_dlx_l,L,20.5
1729,brie_carre_s,S,23.65
1730,four_cheese_m,M,14.75
1731,peppr_salami_l,L,20.75
1732,sicilian_s,S,12.25
1733,cali_ckn_m,M,16.75
1734,sicilian_s,S,12.25
1735,ital_veggie_m,M,16.75
1736,classic_dlx_m,M,16
1737,pep_msh_pep_l,L,17.5
1738,ckn_pesto_l,L,20.75
1739,spinach_fet_s,S,12
1740,bbq_ckn_l,L,20.75
1741,five_cheese_l,L,18.5
1742,pep_msh_pep_s,S,11
1743,prsc_argla_m,M,16.5
1744,spinach_fet_s,S,12
1745,thai_ckn_l,L,20.75
1746,bbq_ckn_l,L,20.75
1747,the_greek_m,M,16
1748,four_cheese_m,M,14.75
1749,ital_supr_m,M,16.5
1750,prsc_argla_m,M,16.5
1751,southw_ckn_m,M,16.75
1752,classic_dlx_m,M,16
1753,ital_cpcllo_m,M,16
1754,ital_supr_l,L,20.75
1755,ital_supr_m,M,16.5
1756,big_meat_s,S,12
1757,ital_cpcllo_l,L,20.5
1758,ital_cpcllo_l,L,20.5
1759,southw_ckn_l,L,20.75
1760,southw_ckn_m,M,16.75
1761,veggie_veg_l,L,20.25
1762,calabrese_l,L,20.25
1763,thai_ckn_l,L,20.75
1764,spinach_fet_m,M,16
1765,thai_ckn_l,L,20.75
1766,veggie_veg_m,M,16
1767,napolitana_m,M,16
1768,hawaiian_l,L,16.5
1769,southw_ckn_l,L,20.75
1770,five_cheese_l,L,18.5
1771,cali_ckn_m,M,16.75
1772,spicy_ital_l,L,20.75
1773,sicilian_s,S,12.25
1774,spinach_fet_l,L,20.25
1775,five_cheese_l,L,18.5
1776,spinach_supr_l,L,20.75
1777,pepperoni_s,S,9.75
1778,thai_ckn_m,M,16.75
1779,ckn_alfredo_m,M,16.75
1780,four_cheese_l,L,17.95
1781,ital_veggie_m,M,16.75
1782,mexicana_l,L,20.25
1783,prsc_argla_s,S,12.5
1784,spin_pesto_l,L,20.75
1785,veggie_veg_m,M,16
1786,prsc_argla_l,L,20.75
1787,napolitana_m,M,16
1788,five_cheese_l,L,18.5
1789,mexicana_m,M,16
1790,peppr_salami_m,M,16.5
1791,prsc_argla_m,M,16.5
1792,veggie_veg_m,M,16
1793,five_cheese_l,L,18.5
1794,green_garden_s,S,12
1795,soppressata_s,S,12.5
1796,spinach_fet_m,M,16
1797,ital_supr_m,M,16.5
1798,pep_msh_pep_s,S,11
1799,thai_ckn_m,M,16.75
1800,calabrese_l,L,20.25
1801,hawaiian_s,S,10.5
1802,ital_veggie_s,S,12.75
1803,napolitana_s,S,12
1804,southw_ckn_s,S,12.75
1805,spicy_ital_l,L,20.75
1806,bbq_ckn_m,M,16.75
1807,classic_dlx_l,L,20.5
1808,classic_dlx_s,S,12
1809,ital_supr_m,M,16.5
1810,napolitana_l,L,20.5
1811,sicilian_l,L,20.25
1812,sicilian_s,S,12.25
1813,southw_ckn_l,L,20.75
1814,southw_ckn_s,S,12.75
1815,spin_pesto_l,L,20.75
1816,spinach_supr_l,L,20.75
1817,thai_ckn_l,L,20.75
1818,ckn_alfredo_s,S,12.75
1819,hawaiian_s,S,10.5
1820,ital_supr_m,M,16.5
1821,prsc_argla_s,S,12.5
1822,big_meat_s,S,12
1823,four_cheese_m,M,14.75
1824,bbq_ckn_l,L,20.75
1825,big_meat_s,S,12
1826,peppr_salami_l,L,20.75
1827,hawaiian_s,S,10.5
1828,ital_veggie_m,M,16.75
1829,veggie_veg_m,M,16
1830,calabrese_s,S,12.25
1831,pep_msh_pep_m,M,14.5
1832,cali_ckn_s,S,12.75
1833,southw_ckn_l,L,20.75
1834,classic_dlx_s,S,12
1835,veggie_veg_l,L,20.25
1836,napolitana_l,L,20.5
1837,southw_ckn_l,L,20.75
1838,veggie_veg_l,L,20.25
1839,classic_dlx_s,S,12
1840,pepperoni_m,M,12.5
1841,southw_ckn_l,L,20.75
1842,thai_ckn_l,L,20.75
1843,pep_msh_pep_s,S,11
1844,sicilian_l,L,20.25
1845,sicilian_s,S,12.25
1846,bbq_ckn_m,M,16.75
1847,sicilian_s,S,12.25
1848,southw_ckn_l,L,20.75
1849,spinach_supr_l,L,20.75
1850,five_cheese_l,L,18.5
1852,bbq_ckn_m,M,16.75
1853,cali_ckn_m,M,16.75
1854,the_greek_l,L,20.5
1855,cali_ckn_l,L,20.75
1856,classic_dlx_l,L,20.5
1857,ital_supr_s,S,12.5
1858,sicilian_l,L,20.25
1859,five_cheese_l,L,18.5
1860,sicilian_s,S,12.25
1861,ckn_pesto_l,L,20.75
1862,ital_supr_l,L,20.75
1863,pepperoni_l,L,15.25
1864,ckn_alfredo_m,M,16.75
1865,napolitana_l,L,20.5
1866,ckn_pesto_l,L,20.75
1867,peppr_salami_l,L,20.75
1868,napolitana_m,M,16
1869,peppr_salami_m,M,16.5
1870,spicy_ital_s,S,12.5
1871,spinach_supr_s,S,12.5
1872,hawaiian_m,M,13.25
1873,ital_supr_m,M,16.5
1874,pepperoni_m,M,12.5
1875,calabrese_l,L,20.25
1876,ckn_pesto_l,L,20.75
1877,ckn_pesto_m,M,16.75
1878,classic_dlx_m,M,16
1879,hawaiian_l,L,16.5
1880,big_meat_s,S,12
1881,napolitana_s,S,12
1882,ckn_pesto_l,L,20.75
1883,pepperoni_s,S,9.75
1884,prsc_argla_s,S,12.5
1885,spinach_fet_l,L,20.25
1886,bbq_ckn_l,L,20.75
1887,bbq_ckn_s,S,12.75
1888,pepperoni_m,M,12.5
1889,southw_ckn_l,L,20.75
1890,five_cheese_l,L,18.5
1891,four_cheese_l,L,17.95
1892,hawaiian_s,S,10.5
1894,ital_supr_m,M,16.5
1895,ckn_alfredo_m,M,16.75
1896,ital_supr_m,M,16.5
1897,veggie_veg_m,M,16
1898,mexicana_l,L,20.25
1899,ital_supr_l,L,20.75
1900,peppr_salami_l,L,20.75
1901,spin_pesto_s,S,12.5
1902,spinach_fet_m,M,16
1903,spinach_supr_s,S,12.5
1904,spinach_supr_m,M,16.5
1905,veggie_veg_m,M,16
1906,classic_dlx_l,L,20.5
1907,five_cheese_l,L,18.5
1908,ital_supr_m,M,16.5
1909,southw_ckn_l,L,20.75
1910,cali_ckn_l,L,20.75
1911,five_cheese_l,L,18.5
1912,pepperoni_m,M,12.5
1913,big_meat_s,S,12
1914,classic_dlx_m,M,16
1915,sicilian_s,S,12.25
1916,spicy_ital_l,L,20.75
1917,spicy_ital_s,S,12.5
1918,four_cheese_l,L,17.95
1919,southw_ckn_l,L,20.75
1920,thai_ckn_m,M,16.75
1921,bbq_ckn_l,L,20.75
1922,thai_ckn_m,M,16.75
1923,pepperoni_m,M,12.5
1924,pepperoni_s,S,9.75
1925,soppressata_l,L,20.75
1926,five_cheese_l,L,18.5
1927,sicilian_m,M,16.25
1928,southw_ckn_s,S,12.75
1929,spin_pesto_m,M,16.5
1930,veggie_veg_m,M,16
1931,spicy_ital_l,L,20.75
1932,napolitana_s,S,12
1933,peppr_salami_s,S,12.5
1934,thai_ckn_l,L,20.75
1935,veggie_veg_m,M,16
1936,big_meat_s,S,12
1937,calabrese_m,M,16.25
1938,ckn_alfredo_m,M,16.75
1939,the_greek_l,L,20.5
1940,sicilian_s,S,12.25
1941,spicy_ital_m,M,16.5
1942,prsc_argla_l,L,20.75
1943,southw_ckn_m,M,16.75
1944,thai_ckn_m,M,16.75
1945,big_meat_s,S,12
1946,hawaiian_s,S,10.5
1947,ital_supr_l,L,20.75
1948,mediterraneo_m,M,16
1949,sicilian_l,L,20.25
1950,spinach_fet_l,L,20.25
1951,spinach_supr_l,L,20.75
1952,the_greek_m,M,16
1953,veggie_veg_m,M,16
1954,classic_dlx_s,S,12
1955,peppr_salami_m,M,16.5
1956,hawaiian_l,L,16.5
1957,hawaiian_s,S,10.5
1958,soppressata_m,M,16.5
1959,spinach_supr_m,M,16.5
1960,thai_ckn_l,L,20.75
1961,five_cheese_l,L,18.5
1962,four_cheese_m,M,14.75
1963,ckn_alfredo_s,S,12.75
1964,prsc_argla_m,M,16.5
1965,pepperoni_m,M,12.5
1966,pep_msh_pep_s,S,11
1967,southw_ckn_l,L,20.75
1968,cali_ckn_m,M,16.75
1969,hawaiian_s,S,10.5
1970,southw_ckn_s,S,12.75
1971,spicy_ital_l,L,20.75
1972,four_cheese_l,L,17.95
1973,cali_ckn_m,M,16.75
1974,southw_ckn_s,S,12.75
1975,spinach_supr_s,S,12.5
1976,veggie_veg_m,M,16
1977,pepperoni_l,L,15.25
1978,pepperoni_s,S,9.75
1979,cali_ckn_m,M,16.75
1980,ital_supr_s,S,12.5
1981,prsc_argla_m,M,16.5
1982,spinach_fet_s,S,12
1983,thai_ckn_l,L,20.75
1984,cali_ckn_m,M,16.75
1985,classic_dlx_s,S,12
1986,hawaiian_s,S,10.5
1987,prsc_argla_s,S,12.5
1988,hawaiian_s,S,10.5
1989,mexicana_m,M,16
1990,sicilian_s,S,12.25
1991,spicy_ital_m,M,16.5
1993,mediterraneo_l,L,20.25
1994,sicilian_s,S,12.25
1995,spicy_ital_l,L,20.75
1996,pepperoni_l,L,15.25
1997,spicy_ital_m,M,16.5
1998,sicilian_m,M,16.25
1999,soppressata_s,S,12.5
2000,bbq_ckn_l,L,20.75
2001,four_cheese_m,M,14.75
2002,spin_pesto_l,L,20.75
2003,four_cheese_l,L,17.95
2004,mediterraneo_l,L,20.25
2005,four_cheese_l,L,17.95
2006,napolitana_s,S,12
2007,bbq_ckn_l,L,20.75
2008,hawaiian_l,L,16.5
2009,pepperoni_s,S,9.75
2010,cali_ckn_l,L,20.75
2011,five_cheese_l,L,18.5
2012,ital_cpcllo_l,L,20.5
2013,mexicana_s,S,12
2014,spinach_fet_l,L,20.25
2015,classic_dlx_s,S,12
2016,spicy_ital_l,L,20.75
2018,pepperoni_l,L,15.25
2019,pepperoni_s,S,9.75
2020,big_meat_s,S,12
2021,peppr_salami_l,L,20.75
2022,classic_dlx_l,L,20.5
2023,peppr_salami_l,L,20.75
2024,soppressata_l,L,20.75
2025,bbq_ckn_m,M,16.75
2026,pep_msh_pep_s,S,11
2027,bbq_ckn_m,M,16.75
2028,ital_veggie_m,M,16.75
2029,veggie_veg_m,M,16
2030,soppressata_s,S,12.5
2031,southw_ckn_l,L,20.75
2032,sicilian_s,S,12.25
2033,pepperoni_m,M,12.5
2034,thai_ckn_l,L,20.75
2035,bbq_ckn_l,L,20.75
2036,ital_veggie_m,M,16.75
2037,spicy_ital_s,S,12.5
2038,ital_cpcllo_s,S,12
2039,prsc_argla_s,S,12.5
2040,veggie_veg_l,L,20.25
2041,bbq_ckn_s,S,12.75
2042,spinach_fet_s,S,12
2043,pep_msh_pep_m,M,14.5
2044,spinach_supr_s,S,12.5
2045,veggie_veg_m,M,16
2046,bbq_ckn_m,M,16.75
2047,five_cheese_l,L,18.5
2048,green_garden_s,S,12
2049,napolitana_m,M,16
2050,pepperoni_l,L,15.25
2051,pepperoni_m,M,12.5
2052,prsc_argla_s,S,12.5
2053,spicy_ital_l,L,20.75
2054,ital_supr_m,M,16.5
2055,mexicana_l,L,20.25
2056,pepperoni_l,L,15.25
2058,southw_ckn_l,L,20.75
2059,spinach_fet_s,S,12
2060,napolitana_l,L,20.5
2061,bbq_ckn_m,M,16.75
2062,classic_dlx_m,M,16
2063,southw_ckn_l,L,20.75
